id_property,description,label
ANDN920101,alpha-CH chemical shifts,1
ARGP820101,Hydrophobicity index,0
ARGP820102,Signal sequence helical potential,3
ARGP820103,Membrane-buried preference parameters,4
BEGF750101,Conformational parameter of inner helix,1
BEGF750102,Conformational parameter of beta-structure,4
BEGF750103,Conformational parameter of beta-turn,4
BHAR880101,Average flexibility indices,7
BIGC670101,Residue volume,4
BIOV880101,Information value for accessibility; average fraction 35%,3
BIOV880102,Information value for accessibility; average fraction 23%,3
BROC820101,Retention coefficient in TFA,7
BROC820102,Retention coefficient in HFBA,7
BULH740101,Transfer free energy to surface,4
BULH740102,Apparent partial specific volume,1
BUNA790101,alpha-NH chemical shifts,1
BUNA790102,alpha-CH chemical shifts,1
BUNA790103,Spin-spin coupling constants 3JHalpha-NH,0
BURA740101,Normalized frequency of alpha-helix,0
BURA740102,Normalized frequency of extended structure,2
CHAM810101,Steric parameter,2
CHAM820101,Polarizability parameter,2
CHAM820102,"Free energy of solution in water, kcal/mole",2
CHAM830101,The Chou-Fasman parameter of the coil conformation,7
CHAM830102,A parameter defined from the residuals obtained from the best correlation of the Chou-Fasman parameter of beta-sheet,7
CHAM830103,The number of atoms in the side chain labelled 1+1,3
CHAM830104,The number of atoms in the side chain labelled 2+1,3
CHAM830105,The number of atoms in the side chain labelled 3+1,3
CHAM830106,The number of bonds in the longest chain,3
CHAM830107,A parameter of charge transfer capability,2
CHAM830108,A parameter of charge transfer donor capability,2
CHOC750101,Average volume of buried residue,4
CHOC760101,Residue accessible surface area in tripeptide,6
CHOC760102,Residue accessible surface area in folded protein,1
CHOC760103,Proportion of residues 95% buried,7
CHOC760104,Proportion of residues 100% buried,7
CHOP780101,Normalized frequency of beta-turn,4
CHOP780201,Normalized frequency of alpha-helix,0
CHOP780202,Normalized frequency of beta-sheet,0
CHOP780203,Normalized frequency of beta-turn,4
CHOP780204,Normalized frequency of N-terminal helix,2
CHOP780205,Normalized frequency of C-terminal helix,2
CHOP780206,Normalized frequency of N-terminal non helical region,2
CHOP780207,Normalized frequency of C-terminal non helical region,2
CHOP780208,Normalized frequency of N-terminal beta-sheet,0
CHOP780209,Normalized frequency of C-terminal beta-sheet,0
CHOP780210,Normalized frequency of N-terminal non beta region,2
CHOP780211,Normalized frequency of C-terminal non beta region,2
CHOP780212,Frequency of the 1st residue in turn,0
CHOP780213,Frequency of the 2nd residue in turn,2
CHOP780214,Frequency of the 3rd residue in turn,2
CHOP780215,Frequency of the 4th residue in turn,2
CHOP780216,Normalized frequency of the 2nd and 3rd residues in turn,2
CIDH920101,Normalized hydrophobicity scales for alpha-proteins,7
CIDH920102,Normalized hydrophobicity scales for beta-proteins,7
CIDH920103,Normalized hydrophobicity scales for alpha+beta-proteins,0
CIDH920104,Normalized hydrophobicity scales for alpha/beta-proteins,7
CIDH920105,Normalized average hydrophobicity scales,0
COHE430101,Partial specific volume,1
CRAJ730101,Normalized frequency of middle helix,2
CRAJ730102,Normalized frequency of beta-sheet,0
CRAJ730103,Normalized frequency of turn,2
DAWD720101,Size,7
DAYM780101,Amino acid composition,1
DAYM780201,Relative mutability,4
DESM900101,Membrane preference for cytochrome b: MPH89,4
DESM900102,Average membrane preference: AMP07,1
EISD840101,Consensus normalized hydrophobicity scale,7
EISD860101,Solvation free energy,0
EISD860102,Atom-based hydrophobic moment,2
EISD860103,Direction of hydrophobic moment,2
FASG760101,Molecular weight,0
FASG760102,Melting point,2
FASG760103,Optical rotation,0
FASG760104,pK-N,0
FASG760105,pK-C,0
FAUJ830101,Hydrophobic parameter pi,0
FAUJ880101,Graph shape index,3
FAUJ880102,Smoothed upsilon steric parameter,2
FAUJ880103,Normalized van der Waals volume,4
FAUJ880104,STERIMOL length of the side chain,7
FAUJ880105,STERIMOL minimum width of the side chain,7
FAUJ880106,STERIMOL maximum width of the side chain,7
FAUJ880107,N.m.r. chemical shift of alpha-carbon,1
FAUJ880108,Localized electrical effect,2
FAUJ880109,Number of hydrogen bond donors,3
FAUJ880110,Number of full nonbonding orbitals,3
FAUJ880111,Positive charge,0
FAUJ880112,Negative charge,0
FAUJ880113,pK-a(RCOOH),4
FINA770101,Helix-coil equilibrium constant,7
FINA910101,Helix initiation parameter at posision i-1,1
FINA910102,"Helix initiation parameter at posision i,i+1,i+2",6
FINA910103,"Helix termination parameter at posision j-2,j-1,j",1
FINA910104,Helix termination parameter at posision j+1,4
GARJ730101,Partition coefficient,2
GEIM800101,Alpha-helix indices,3
GEIM800102,Alpha-helix indices for alpha-proteins,7
GEIM800103,Alpha-helix indices for beta-proteins,7
GEIM800104,Alpha-helix indices for alpha/beta-proteins,7
GEIM800105,Beta-strand indices,3
GEIM800106,Beta-strand indices for beta-proteins,3
GEIM800107,Beta-strand indices for alpha/beta-proteins,3
GEIM800108,Aperiodic indices,7
GEIM800109,Aperiodic indices for alpha-proteins,3
GEIM800110,Aperiodic indices for beta-proteins,7
GEIM800111,Aperiodic indices for alpha/beta-proteins,3
GOLD730101,Hydrophobicity factor,7
GOLD730102,Residue volume,4
GRAR740101,Composition,4
GRAR740102,Polarity,0
GRAR740103,Volume,4
GUYH850101,Partition energy,4
HOPA770101,Hydration number,3
HOPT810101,Hydrophilicity value,2
HUTJ700101,Heat capacity,2
HUTJ700102,Absolute entropy,0
HUTJ700103,Entropy of formation,0
ISOY800101,Normalized relative frequency of alpha-helix,2
ISOY800102,Normalized relative frequency of extended structure,4
ISOY800103,Normalized relative frequency of bend,4
ISOY800104,Normalized relative frequency of bend R,4
ISOY800105,Normalized relative frequency of bend S,4
ISOY800106,Normalized relative frequency of helix end,4
ISOY800107,Normalized relative frequency of double bend,4
ISOY800108,Normalized relative frequency of coil,0
JANJ780101,Average accessible surface area,4
JANJ780102,Percentage of buried residues,2
JANJ780103,Percentage of exposed residues,0
JANJ790101,Ratio of buried and accessible molar fractions,6
JANJ790102,Transfer free energy,2
JOND750101,Hydrophobicity,0
JOND750102,pK (-COOH),2
JOND920101,Relative frequency of occurrence,4
JOND920102,Relative mutability,4
JUKT750101,Amino acid distribution,1
JUNJ780101,Sequence frequency,0
KANM800101,Average relative probability of helix ,4
KANM800102,Average relative probability of beta-sheet ,2
KANM800103,Average relative probability of inner helix ,1
KANM800104,Average relative probability of inner beta-sheet ,4
KARP850101,Flexibility parameter for no rigid neighbors,0
KARP850102,Flexibility parameter for one rigid neighbor,0
KARP850103,Flexibility parameter for two rigid neighbors,0
KHAG800101,The Kerr-constant increments,7
KLEP840101,Net charge,2
KRIW710101,Side chain interaction parameter,0
KRIW790101,Side chain interaction parameter,0
KRIW790102,Fraction of site occupied by water,7
KRIW790103,Side chain volume,2
KYTJ820101,Hydropathy index,3
LAWE840101,"Transfer free energy, CHP/water",2
LEVM760101,Hydrophobic parameter,0
LEVM760102,Distance between C-alpha and centroid of side chain,2
LEVM760103,Side chain angle theta(AAR),4
LEVM760104,Side chain torsion angle phi(AAAR),2
LEVM760105,Radius of gyration of side chain,7
LEVM760106,van der Waals parameter R0,1
LEVM760107,van der Waals parameter epsilon,4
LEVM780101,"Normalized frequency of alpha-helix, with weights",7
LEVM780102,"Normalized frequency of beta-sheet, with weights",7
LEVM780103,"Normalized frequency of reverse turn, with weights",7
LEVM780104,"Normalized frequency of alpha-helix, unweighted",2
LEVM780105,"Normalized frequency of beta-sheet, unweighted",2
LEVM780106,"Normalized frequency of reverse turn, unweighted",2
LEWP710101,Frequency of occurrence in beta-bends,1
LIFS790101,Conformational preference for all beta-strands,4
LIFS790102,Conformational preference for parallel beta-strands,4
LIFS790103,Conformational preference for antiparallel beta-strands,4
MANP780101,Average surrounding hydrophobicity,0
MAXF760101,Normalized frequency of alpha-helix,0
MAXF760102,Normalized frequency of extended structure,2
MAXF760103,Normalized frequency of zeta R,4
MAXF760104,Normalized frequency of left-handed alpha-helix,2
MAXF760105,Normalized frequency of zeta L,4
MAXF760106,Normalized frequency of alpha region,2
MCMT640101,Refractivity,0
MEEJ800101,"Retention coefficient in HPLC, pH7.4",7
MEEJ800102,"Retention coefficient in HPLC, pH2.1",0
MEEJ810101,Retention coefficient in NaClO4,7
MEEJ810102,Retention coefficient in NaH2PO4,7
MEIH800101,Average reduced distance for C-alpha,0
MEIH800102,Average reduced distance for side chain,0
MEIH800103,Average side chain orientation angle,2
MIYS850101,Effective partition energy,4
NAGK730101,Normalized frequency of alpha-helix,0
NAGK730102,Normalized frequency of bata-structure,2
NAGK730103,Normalized frequency of coil,0
NAKH900101,AA composition of total proteins,6
NAKH900102,SD of AA composition of total proteins,6
NAKH900103,AA composition of mt-proteins,1
NAKH900104,Normalized composition of mt-proteins,1
NAKH900105,AA composition of mt-proteins from animal,1
NAKH900106,Normalized composition from animal,1
NAKH900107,AA composition of mt-proteins from fungi and plant,6
NAKH900108,Normalized composition from fungi and plant,1
NAKH900109,AA composition of membrane proteins,1
NAKH900110,Normalized composition of membrane proteins,1
NAKH900111,Transmembrane regions of non-mt-proteins,2
NAKH900112,Transmembrane regions of mt-proteins,4
NAKH900113,Ratio of average and computed composition,6
NAKH920101,AA composition of CYT of single-spanning proteins,1
NAKH920102,AA composition of CYT2 of single-spanning proteins,1
NAKH920103,AA composition of EXT of single-spanning proteins,1
NAKH920104,AA composition of EXT2 of single-spanning proteins,1
NAKH920105,AA composition of MEM of single-spanning proteins,1
NAKH920106,AA composition of CYT of multi-spanning proteins,1
NAKH920107,AA composition of EXT of multi-spanning proteins,1
NAKH920108,AA composition of MEM of multi-spanning proteins,1
NISK800101,8 A contact number,3
NISK860101,14 A contact number,3
NOZY710101,"Transfer energy, organic solvent/water",2
OOBM770101,Average non-bonded energy per atom,4
OOBM770102,Short and medium range non-bonded energy per atom,6
OOBM770103,Long range non-bonded energy per atom,1
OOBM770104,Average non-bonded energy per residue,4
OOBM770105,Short and medium range non-bonded energy per residue,6
OOBM850101,Optimized beta-structure-coil equilibrium constant,0
OOBM850102,Optimized propensity to form reverse turn,2
OOBM850103,Optimized transfer energy parameter,4
OOBM850104,Optimized average non-bonded energy per atom,1
OOBM850105,Optimized side chain interaction parameter,2
PALJ810101,Normalized frequency of alpha-helix from LG,2
PALJ810102,Normalized frequency of alpha-helix from CF,2
PALJ810103,Normalized frequency of beta-sheet from LG,2
PALJ810104,Normalized frequency of beta-sheet from CF,2
PALJ810105,Normalized frequency of turn from LG,2
PALJ810106,Normalized frequency of turn from CF,2
PALJ810107,Normalized frequency of alpha-helix in all-alpha class,2
PALJ810108,Normalized frequency of alpha-helix in alpha+beta class,2
PALJ810109,Normalized frequency of alpha-helix in alpha/beta class,2
PALJ810110,Normalized frequency of beta-sheet in all-beta class,2
PALJ810111,Normalized frequency of beta-sheet in alpha+beta class,2
PALJ810112,Normalized frequency of beta-sheet in alpha/beta class,2
PALJ810113,Normalized frequency of turn in all-alpha class,2
PALJ810114,Normalized frequency of turn in all-beta class,2
PALJ810115,Normalized frequency of turn in alpha+beta class,2
PALJ810116,Normalized frequency of turn in alpha/beta class,2
PARJ860101,HPLC parameter,0
PLIV810101,Partition coefficient,2
PONP800101,Surrounding hydrophobicity in folded form,4
PONP800102,Average gain in surrounding hydrophobicity,0
PONP800103,Average gain ratio in surrounding hydrophobicity,2
PONP800104,Surrounding hydrophobicity in alpha-helix,0
PONP800105,Surrounding hydrophobicity in beta-sheet,0
PONP800106,Surrounding hydrophobicity in turn,2
PONP800107,Accessibility reduction ratio,3
PONP800108,Average number of surrounding residues,7
PRAM820101,Intercept in regression analysis,0
PRAM820102,Slope in regression analysis x 1.0E1,2
PRAM820103,Correlation coefficient in regression analysis,7
PRAM900101,Hydrophobicity,0
PRAM900102,Relative frequency in alpha-helix,2
PRAM900103,Relative frequency in beta-sheet,2
PRAM900104,Relative frequency in reverse-turn,4
PTIO830101,Helix-coil equilibrium constant,7
PTIO830102,Beta-coil equilibrium constant,7
QIAN880101,Weights for alpha-helix at the window position of -6,3
QIAN880102,Weights for alpha-helix at the window position of -5,3
QIAN880103,Weights for alpha-helix at the window position of -4,3
QIAN880104,Weights for alpha-helix at the window position of -3,3
QIAN880105,Weights for alpha-helix at the window position of -2,3
QIAN880106,Weights for alpha-helix at the window position of -1,3
QIAN880107,Weights for alpha-helix at the window position of 0,3
QIAN880108,Weights for alpha-helix at the window position of 1,3
QIAN880109,Weights for alpha-helix at the window position of 2,3
QIAN880110,Weights for alpha-helix at the window position of 3,3
QIAN880111,Weights for alpha-helix at the window position of 4,3
QIAN880112,Weights for alpha-helix at the window position of 5,3
QIAN880113,Weights for alpha-helix at the window position of 6,3
QIAN880114,Weights for beta-sheet at the window position of -6,3
QIAN880115,Weights for beta-sheet at the window position of -5,3
QIAN880116,Weights for beta-sheet at the window position of -4,3
QIAN880117,Weights for beta-sheet at the window position of -3,3
QIAN880118,Weights for beta-sheet at the window position of -2,3
QIAN880119,Weights for beta-sheet at the window position of -1,3
QIAN880120,Weights for beta-sheet at the window position of 0,3
QIAN880121,Weights for beta-sheet at the window position of 1,3
QIAN880122,Weights for beta-sheet at the window position of 2,3
QIAN880123,Weights for beta-sheet at the window position of 3,3
QIAN880124,Weights for beta-sheet at the window position of 4,3
QIAN880125,Weights for beta-sheet at the window position of 5,3
QIAN880126,Weights for beta-sheet at the window position of 6,3
QIAN880127,Weights for coil at the window position of -6,3
QIAN880128,Weights for coil at the window position of -5,3
QIAN880129,Weights for coil at the window position of -4,3
QIAN880130,Weights for coil at the window position of -3,3
QIAN880131,Weights for coil at the window position of -2,3
QIAN880132,Weights for coil at the window position of -1,3
QIAN880133,Weights for coil at the window position of 0,3
QIAN880134,Weights for coil at the window position of 1,3
QIAN880135,Weights for coil at the window position of 2,3
QIAN880136,Weights for coil at the window position of 3,3
QIAN880137,Weights for coil at the window position of 4,3
QIAN880138,Weights for coil at the window position of 5,3
QIAN880139,Weights for coil at the window position of 6,3
RACS770101,Average reduced distance for C-alpha,0
RACS770102,Average reduced distance for side chain,0
RACS770103,Side chain orientational preference,4
RACS820101,Average relative fractional occurrence in A0(i),1
RACS820102,Average relative fractional occurrence in AR(i),1
RACS820103,Average relative fractional occurrence in AL(i),1
RACS820104,Average relative fractional occurrence in EL(i),1
RACS820105,Average relative fractional occurrence in E0(i),1
RACS820106,Average relative fractional occurrence in ER(i),1
RACS820107,Average relative fractional occurrence in A0(i-1),1
RACS820108,Average relative fractional occurrence in AR(i-1),1
RACS820109,Average relative fractional occurrence in AL(i-1),1
RACS820110,Average relative fractional occurrence in EL(i-1),1
RACS820111,Average relative fractional occurrence in E0(i-1),1
RACS820112,Average relative fractional occurrence in ER(i-1),1
RACS820113,Value of theta(i),1
RACS820114,Value of theta(i-1),1
RADA880101,Transfer free energy from chx to wat,2
RADA880102,Transfer free energy from oct to wat,2
RADA880103,Transfer free energy from vap to chx,2
RADA880104,Transfer free energy from chx to oct,2
RADA880105,Transfer free energy from vap to oct,2
RADA880106,Accessible surface area,1
RADA880107,Energy transfer from out to in(95%buried),0
RADA880108,Mean polarity,7
RICJ880101,"Relative preference value at N""",1
RICJ880102,Relative preference value at N',1
RICJ880103,Relative preference value at N-cap,1
RICJ880104,Relative preference value at N1,1
RICJ880105,Relative preference value at N2,1
RICJ880106,Relative preference value at N3,1
RICJ880107,Relative preference value at N4,1
RICJ880108,Relative preference value at N5,1
RICJ880109,Relative preference value at Mid,1
RICJ880110,Relative preference value at C5,1
RICJ880111,Relative preference value at C4,1
RICJ880112,Relative preference value at C3,1
RICJ880113,Relative preference value at C2,1
RICJ880114,Relative preference value at C1,1
RICJ880115,Relative preference value at C-cap,1
RICJ880116,Relative preference value at C',4
RICJ880117,"Relative preference value at C""",1
ROBB760101,Information measure for alpha-helix,7
ROBB760102,Information measure for N-terminal helix,0
ROBB760103,Information measure for middle helix,0
ROBB760104,Information measure for C-terminal helix,0
ROBB760105,Information measure for extended,0
ROBB760106,Information measure for pleated-sheet,7
ROBB760107,Information measure for extended without H-bond,7
ROBB760108,Information measure for turn,0
ROBB760109,Information measure for N-terminal turn,7
ROBB760110,Information measure for middle turn,7
ROBB760111,Information measure for C-terminal turn,7
ROBB760112,Information measure for coil,7
ROBB760113,Information measure for loop,7
ROBB790101,Hydration free energy,0
ROSG850101,Mean area buried on transfer,7
ROSG850102,Mean fractional area loss,4
ROSM880101,"Side chain hydropathy, uncorrected for solvation",7
ROSM880102,"Side chain hydropathy, corrected for solvation",7
ROSM880103,Loss of Side chain hydropathy by helix formation,0
SIMZ760101,Transfer free energy,2
SNEP660101,Principal component I,4
SNEP660102,Principal component II,1
SNEP660103,Principal component III,1
SNEP660104,Principal component IV,1
SUEM840101,Zimm-Bragg parameter s at 20 C,1
SUEM840102,Zimm-Bragg parameter sigma x 1.0E4,4
SWER830101,Optimal matching hydrophobicity,7
TANS770101,Normalized frequency of alpha-helix,0
TANS770102,Normalized frequency of isolated helix,4
TANS770103,Normalized frequency of extended structure,2
TANS770104,Normalized frequency of chain reversal R,4
TANS770105,Normalized frequency of chain reversal S,4
TANS770106,Normalized frequency of chain reversal D,4
TANS770107,Normalized frequency of left-handed helix,2
TANS770108,Normalized frequency of zeta R,4
TANS770109,Normalized frequency of coil,0
TANS770110,Normalized frequency of chain reversal,2
VASM830101,Relative population of conformational state A,1
VASM830102,Relative population of conformational state C,1
VASM830103,Relative population of conformational state E,1
VELV850101,Electron-ion interaction potential,3
VENT840101,Bitterness,0
VHEG790101,Transfer free energy to lipophilic phase,2
WARP780101,Average interactions per side chain atom,1
WEBA780101,RF value in high salt chromatography,4
WERD780101,Propensity to be buried inside,7
WERD780102,Free energy change of epsilon(i) to epsilon(ex),1
WERD780103,Free energy change of alpha(Ri) to alpha(Rh),1
WERD780104,Free energy change of epsilon(i) to alpha(Rh),1
WOEC730101,Polar requirement,2
WOLR810101,Hydration potential,3
WOLS870101,Principal property value z1,1
WOLS870102,Principal property value z2,1
WOLS870103,Principal property value z3,1
YUTK870101,"Unfolding Gibbs energy in water, pH7.0",2
YUTK870102,"Unfolding Gibbs energy in water, pH9.0",2
YUTK870103,"Activation Gibbs energy of unfolding, pH7.0",2
YUTK870104,"Activation Gibbs energy of unfolding, pH9.0",2
ZASB820101,Dependence of partition coefficient on ionic strength,7
ZIMJ680101,Hydrophobicity,0
ZIMJ680102,Bulkiness,0
ZIMJ680103,Polarity,0
ZIMJ680104,Isoelectric point,2
ZIMJ680105,RF rank,2
AURR980101,Normalized positional residue frequency at helix termini N4',1
AURR980102,"Normalized positional residue frequency at helix termini N""' ",1
AURR980103,"Normalized positional residue frequency at helix termini N"" ",1
AURR980104,Normalized positional residue frequency at helix termini N',1
AURR980105,Normalized positional residue frequency at helix termini Nc ,1
AURR980106,Normalized positional residue frequency at helix termini N1 ,1
AURR980107,Normalized positional residue frequency at helix termini N2 ,1
AURR980108,Normalized positional residue frequency at helix termini N3 ,1
AURR980109,Normalized positional residue frequency at helix termini N4 ,1
AURR980110,Normalized positional residue frequency at helix termini N5 ,1
AURR980111,Normalized positional residue frequency at helix termini C5 ,1
AURR980112,Normalized positional residue frequency at helix termini C4 ,6
AURR980113,Normalized positional residue frequency at helix termini C3 ,1
AURR980114,Normalized positional residue frequency at helix termini C2 ,1
AURR980115,Normalized positional residue frequency at helix termini C1 ,1
AURR980116,Normalized positional residue frequency at helix termini Cc ,6
AURR980117,Normalized positional residue frequency at helix termini C' ,1
AURR980118,"Normalized positional residue frequency at helix termini C"" ",1
AURR980119,"Normalized positional residue frequency at helix termini C""' ",1
AURR980120,Normalized positional residue frequency at helix termini C4' ,6
ONEK900101,Delta G values for the peptides extrapolated to 0 M urea,5
ONEK900102,Helix formation parameters (delta delta G),0
VINM940101,"Normalized flexibility parameters (B-values), average",2
VINM940102,Normalized flexibility parameters (B-values) for each residue surrounded by none rigid neighbours,2
VINM940103,Normalized flexibility parameters (B-values) for each residue surrounded by one rigid neighbours,2
VINM940104,Normalized flexibility parameters (B-values) for each residue surrounded by two rigid neighbours,2
MUNV940101,Free energy in alpha-helical conformation,2
MUNV940102,Free energy in alpha-helical region,2
MUNV940103,Free energy in beta-strand conformation,2
MUNV940104,Free energy in beta-strand region,2
MUNV940105,Free energy in beta-strand region,2
WIMW960101,Free energies of transfer of AcWl-X-LL peptides from bilayer interface to water,2
KIMC930101,Thermodynamic beta sheet propensity,0
MONM990101,Turn propensity scale for transmembrane helices,3
BLAM930101,Alpha helix propensity of position 44 in T4 lysozyme,2
PARS000101,p-Values of mesophilic proteins based on the distributions of B values,5
PARS000102,p-Values of thermophilic proteins based on the distributions of B values,5
KUMS000101,Distribution of amino acid residues in the 18 non-redundant families of thermophilic proteins,6
KUMS000102,Distribution of amino acid residues in the 18 non-redundant families of mesophilic proteins,6
KUMS000103,Distribution of amino acid residues in the alpha-helices in thermophilic proteins,6
KUMS000104,Distribution of amino acid residues in the alpha-helices in mesophilic proteins,6
TAKK010101,Side-chain contribution to protein stability (kJ/mol),0
FODM020101,Propensity of amino acids within pi-helices,4
NADH010101,Hydropathy scale based on self-information values in the two-state model (5% accessibility),3
NADH010102,Hydropathy scale based on self-information values in the two-state model (9% accessibility),5
NADH010103,Hydropathy scale based on self-information values in the two-state model (16% accessibility),5
NADH010104,Hydropathy scale based on self-information values in the two-state model (20% accessibility),5
NADH010105,Hydropathy scale based on self-information values in the two-state model (25% accessibility),5
NADH010106,Hydropathy scale based on self-information values in the two-state model (36% accessibility),5
NADH010107,Hydropathy scale based on self-information values in the two-state model (50% accessibility),5
MONM990201,Averaged turn propensities in a transmembrane helix,4
KOEP990101,Alpha-helix propensity derived from designed sequences,3
KOEP990102,Beta-sheet propensity derived from designed sequences,3
CEDJ970101,Composition of amino acids in extracellular proteins (percent),1
CEDJ970102,Composition of amino acids in anchored proteins (percent),6
CEDJ970103,Composition of amino acids in membrane proteins (percent),6
CEDJ970104,Composition of amino acids in intracellular proteins (percent),1
CEDJ970105,Composition of amino acids in nuclear proteins (percent),1
FUKS010101,Surface composition of amino acids in intracellular proteins of thermophiles (percent),1
FUKS010102,Surface composition of amino acids in intracellular proteins of mesophiles (percent),1
FUKS010103,Surface composition of amino acids in extracellular proteins of mesophiles (percent),1
FUKS010104,Surface composition of amino acids in nuclear proteins (percent),1
FUKS010105,Interior composition of amino acids in intracellular proteins of thermophiles (percent),6
FUKS010106,Interior composition of amino acids in intracellular proteins of mesophiles (percent),1
FUKS010107,Interior composition of amino acids in extracellular proteins of mesophiles (percent),1
FUKS010108,Interior composition of amino acids in nuclear proteins (percent),1
FUKS010109,Entire chain composition of amino acids in intracellular proteins of thermophiles (percent),6
FUKS010110,Entire chain composition of amino acids in intracellular proteins of mesophiles (percent),1
FUKS010111,Entire chain composition of amino acids in extracellular proteins of mesophiles (percent),6
FUKS010112,Entire chain compositino of amino acids in nuclear proteins (percent),6
AVBF000101,"Screening coefficients gamma, local",0
AVBF000102,"Screening coefficients gamma, non-local",0
AVBF000103,"Slopes tripeptide, FDPB VFF neutral",1
AVBF000104,"Slopes tripeptides, LD VFF neutral",6
AVBF000105,"Slopes tripeptide, FDPB VFF noside",1
AVBF000106,Slopes tripeptide FDPB VFF all,4
AVBF000107,Slopes tripeptide FDPB PARSE neutral,6
AVBF000108,"Slopes dekapeptide, FDPB VFF neutral",6
AVBF000109,"Slopes proteins, FDPB VFF neutral",1
YANJ020101,Side-chain conformation by gaussian evolutionary method,4
MITS020101,Amphiphilicity index,7
TSAJ990101,Volumes including the crystallographic waters using the ProtOr,3
TSAJ990102,Volumes not including the crystallographic waters using the ProtOr,5
COSI940101,Electron-ion interaction potential values,3
PONP930101,Hydrophobicity scales,7
WILM950101,"Hydrophobicity coefficient in RP-HPLC, C18 with 0.1%TFA/MeCN/H2O",3
WILM950102,"Hydrophobicity coefficient in RP-HPLC, C8 with 0.1%TFA/MeCN/H2O",5
WILM950103,"Hydrophobicity coefficient in RP-HPLC, C4 with 0.1%TFA/MeCN/H2O",3
WILM950104,"Hydrophobicity coefficient in RP-HPLC, C18 with 0.1%TFA/2-PrOH/MeCN/H2O",3
KUHL950101,Hydrophilicity scale,3
GUOD860101,Retention coefficient at pH 2,3
JURD980101,Modified Kyte-Doolittle hydrophobicity scale,3
BASU050101,Interactivity scale obtained from the contact matrix,3
BASU050102,Interactivity scale obtained by maximizing the mean of correlation coefficient over single-domain globular proteins,3
BASU050103,Interactivity scale obtained by maximizing the mean of correlation coefficient over pairs of sequences sharing the TIM barrel fold,5
SUYM030101,Linker propensity index,7
PUNT030101,Knowledge-based membrane-propensity scale from 1D_Helix in MPtopo databases,3
PUNT030102,Knowledge-based membrane-propensity scale from 3D_Helix in MPtopo databases,3
GEOR030101,Linker propensity from all dataset,7
GEOR030102,Linker propensity from 1-linker dataset,7
GEOR030103,Linker propensity from 2-linker dataset,7
GEOR030104,Linker propensity from 3-linker dataset,7
GEOR030105,Linker propensity from small dataset (linker length is less than six residues),7
GEOR030106,Linker propensity from medium dataset (linker length is between six and 14 residues),7
GEOR030107,Linker propensity from long dataset (linker length is greater than 14 residues),7
GEOR030108,Linker propensity from helical (annotated by DSSP) dataset,7
GEOR030109,Linker propensity from non-helical (annotated by DSSP) dataset,3
ZHOH040101,The stability scale from the knowledge-based atom-atom potential,3
ZHOH040102,The relative stability scale extracted from mutation experiments,3
ZHOH040103,Buriability,2
BAEK050101,Linker index,0
HARY940101,Mean volumes of residues buried in protein interiors,7
PONJ960101,Average volumes of residues,7
DIGM050101,"Hydrostatic pressure asymmetry index, PAI",0
WOLR790101,Hydrophobicity index,0
OLSK800101,Average internal preferences,2
KIDA850101,Hydrophobicity-related index,0
GUYH850102,Apparent partition energies calculated from Wertz-Scheraga index,4
GUYH850103,Apparent partition energies calculated from Robson-Osguthorpe in,1
GUYH850104,Apparent partition energies calculated from Janin ,1
GUYH850105,Apparent partition energies calculated from Chothia,1
ROSM880104,Hydropathies of amino acid side chains neutral form,6
ROSM880105,Hydropathies of amino acid side chains pi-values in pH 7.0,6
JACR890101,Weights from the IFH scale,3
COWR900101,"Hydrophobicity index, 3.0 pH",7
BLAS910101,Scaled side chain hydrophobicity values,3
CASG920101,Hydrophobicity scale from native protein structures,3
CORJ870101,NNEIG index,0
CORJ870102,SWEIG index,0
CORJ870103,PRIFT index,0
CORJ870104,PRILS index,7
CORJ870105,ALTFT index,0
CORJ870106,ALTLS index,7
CORJ870107,TOTFT index,7
CORJ870108,TOTLS index,7
MIYS990101,Relative partition energies derived by the Bethe approximation,2
MIYS990102,Optimized relative partition energies - method A,6
MIYS990103,Optimized relative partition energies - method B,4
MIYS990104,Optimized relative partition energies - method C,6
MIYS990105,Optimized relative partition energies - method D,6
ENGD860101,Hydrophobicity index,0
FASG890101,Hydrophobicity index,0
KARS160101,Number of vertices (order of the graph),3
KARS160102,Number of edges (size of the graph),3
KARS160103,Total weighted degree of the graph (obtained by adding all the weights of all the vertices),5
KARS160104,Weighted domination number,3
KARS160105,Average eccentricity,3
KARS160106,Radius (minimum eccentricity),3
KARS160107,Diameter (maximum eccentricity),3
KARS160108,"Average weighted degree (total degree, divided by the number of vertices)",5
KARS160109,Maximum eigenvalue of the weighted Laplacian matrix of the graph,3
KARS160110,Minimum eigenvalue of the weighted Laplacian matrix of the graph,3
KARS160111,Average eigenvalue of the Laplacian matrix of the the graph,0
KARS160112,Second smallest eigenvalue of the Laplacian matrix of the graph,3
KARS160113,Weighted domination number using the atomic number,3
KARS160114,Average weighted eccentricity based on the the atomic number,7
KARS160115,Weighted radius based on the atomic number (minimum eccentricity),7
KARS160116,Weighted diameter based on the atomic number (maximum eccentricity),7
KARS160117,Total weighted atomic number of the graph (obtained by summing all the atomic number of each of the vertices in the graph),5
KARS160118,Average weighted atomic number or degree based on atomic number in the graph,3
KARS160119,Weighted maximum eigenvalue based on the atomic numbers,3
KARS160120,Weighted minimum eigenvalue based on the atomic numbers,3
KARS160121,Weighted average eigenvalue based on the atomic numbers,7
KARS160122,Weighted second smallest eigenvalue of the weighted Laplacian matrix,3
